,ptr,Identifier,Number,LogicalOr,LogicalAnd,Or,And,BitOr,BitXor,BitAnd,EqualTo,NotEqual,Greater,GreaterEqual,Less,LessEqual,Plus,Minus,Times,Divides,Mod,Negative,Not,Deref,Address,Dot,MidBra,MidKet,Equal,PlusEqual,MinusEqual,TimesEqual,DividesEqual,ModEqual,LogicalOrEqual,LogicalAndEqual,BitOrEqual,BitAndEqual,BitXorEqual,Sub,Type,If,Else,While,For,Goto,Break,Continue,Thread,Do,Rawins,Colon,Semicolon,Comma,Bra,Ket,BigBra,BigKet,End,zhanwei
255,,-34,-34,-34,-34,-34,-34,-34,-34,-34,-34,-34,-34,-34,-34,-34,-34,-34,-34,-34,-34,-34,-34,-34,-34,-34,-34,-34,-34,-34,-34,-34,-34,-34,-34,-34,-34,-34,-34,-34,-34,-34,-34,-34,-34,-34,-34,-34,-34,-34,-34,-34,-34,-34,-34,-34,-34,-34,0,
0,,-1,-1,-1,-1,-1,-1,-1,-1,-1,-1,-1,-1,-1,-1,-1,-1,-1,-1,-1,-1,-1,-1,-1,-1,-1,-1,-1,-1,-1,-1,-1,-1,-1,-1,-1,-1,-1,-1,34,-1,-1,-1,-1,-1,-1,-1,-1,-1,-1,-1,-1,-1,-1,-1,-1,-1,-1,1012,
1,,-14,-14,1039,1039,1039,1039,1039,1039,1039,1039,1039,1039,1039,1039,1039,1039,1039,1039,1039,1039,-14,-14,-14,-14,1039,1039,1039,1039,1039,1039,1039,1039,1039,1039,1039,1039,1039,1039,-18,2,-18,-18,-18,-18,-18,-18,-18,-18,-18,-18,8,1039,1039,10,1039,-18,1039,-10,
2,,11,-21,-11,-11,-11,-11,-11,-11,-11,-11,-11,-11,-11,-11,-11,-11,-11,-11,-11,-11,-11,-11,-11,-11,-11,-11,-11,-11,-11,-11,-11,-11,-11,-11,-11,-11,-11,-11,-18,-18,-18,-18,-18,-18,-18,-18,-18,-18,-18,-18,-16,-11,-11,-16,-22,-18,-18,-10,
3,,94,44,-11,-11,-11,-11,-11,-11,-11,-11,-11,-11,-11,-11,-11,-11,-11,-11,-11,-11,82,83,85,86,-11,-11,-11,-11,-11,-11,-11,-11,-11,-11,-11,-11,-11,-11,-18,-18,-18,-18,-18,-18,-18,-18,-18,-18,-18,-18,-11,-11,-11,84,-11,-11,-11,-10,
4,3,94,44,-11,-11,-11,-11,-11,-11,-11,-11,-11,-11,-11,-11,-11,-11,-11,-11,-11,-11,82,83,85,86,-11,-11,-11,-11,-11,-11,-11,-11,-11,-11,-11,-11,-11,-11,-18,-18,-18,-18,-18,-18,-18,-18,-18,-18,-18,-18,-11,-11,-11,84,-11,-11,-11,-10,
5,3,94,44,-11,-11,-11,-11,-11,-11,-11,-11,-11,-11,-11,-11,-11,-11,-11,-11,-11,-11,82,83,85,86,-11,-11,-11,-11,-11,-11,-11,-11,-11,-11,-11,-11,-11,-11,-18,-18,-18,-18,-18,-18,-18,-18,-18,-18,-18,-18,-11,-11,-11,84,-11,-11,-11,-10,
6,,1010,1010,-11,-11,-11,-11,-11,-11,-11,-11,-11,-11,-11,-11,-11,-11,-11,-11,-11,-11,1010,1010,1010,1010,-11,-11,-11,-11,-11,-11,-11,-11,-11,-11,-11,-11,-11,-11,-12,1010,1010,1010,1010,1010,1010,1010,1010,1010,1010,1010,-7,-19,-17,1010,-12,1010,1010,-10,
7,,1,44,-11,-11,-11,-11,-11,-11,-11,-11,-11,-11,-11,-11,-11,-11,-11,-11,-11,-11,82,83,85,86,-11,-11,-11,-11,-11,-11,-11,-11,-11,-11,-11,-11,-11,-11,-12,2,98,-13,99,100,124,126,127,154,160,167,-7,-8,-11,84,-22,77,1003,-10,
8,,1008,1008,-11,-11,-11,-11,-11,-11,-11,-11,-11,-11,-11,-11,-11,-11,-11,-11,-11,-11,1008,1008,1008,1008,-11,-11,-11,-11,-11,-11,-11,-11,-11,-11,-11,-11,-11,-11,-12,1008,1008,-13,1008,1008,1008,1008,1008,1008,1008,1008,-19,-8,-11,1008,-22,1008,1008,-10,
9,7,1,44,-11,-11,-11,-11,-11,-11,-11,-11,-11,-11,-11,-11,-11,-11,-11,-11,-11,-11,82,83,85,86,-11,-11,-11,-11,-11,-11,-11,-11,-11,-11,-11,-11,-11,-11,-12,2,98,-13,99,100,124,126,127,154,160,167,-7,-8,-11,84,-22,77,1003,-10,
10,,94,44,-11,-11,-11,-11,-11,-11,-11,-11,-11,-11,-11,-11,-11,-11,-11,-11,-11,-11,82,83,85,86,-11,-11,-11,-11,-11,-11,-11,-11,-11,-11,-11,-11,-11,-11,-5,-5,-5,-5,-5,-5,-5,-5,-5,-5,-5,-5,-11,-5,-11,84,1038,-5,-5,-5,
11,,-24,-25,-21,-21,-21,-21,-21,-21,-21,-21,-21,-21,-21,-21,-21,-21,-21,-21,-21,-21,-21,-21,-21,-21,-21,-27,-11,53,-26,-26,-26,-26,-26,-26,-26,-26,-26,-26,-18,-18,-18,-18,-18,-18,-18,-18,-18,-18,-18,-18,-18,1032,59,-25,-22,-18,-18,-10,
12,,-18,-18,-18,-18,-18,-18,-18,-18,-18,-18,-18,-18,-18,-18,-18,-18,-18,-18,-18,-18,-18,-18,-18,-18,-18,-18,-18,-18,-18,-18,-18,-18,-18,-18,-18,-18,-18,-18,-18,-18,-18,-18,-18,-18,-18,-18,-18,-18,-18,-18,-18,57,-18,-18,-18,-18,-18,-18,
13,,-14,-14,101,102,103,104,105,106,107,108,109,110,111,112,113,114,115,116,117,118,-14,-14,-14,-14,119,120,-22,121,121,121,121,121,121,121,121,121,121,121,-5,-5,-5,-5,-5,-5,-5,-5,-5,-5,-5,-5,-28,-5,-5,-14,58,-5,-5,-5,
14,,-14,-14,101,102,103,104,105,106,107,108,109,110,111,112,113,114,115,116,117,118,-14,-14,-14,-14,119,120,-22,121,121,121,121,121,121,121,121,121,121,121,-5,-5,-5,-5,-5,-5,-5,-5,-5,-5,-5,-5,-28,-5,-5,-14,73,-5,-5,-5,
15,,-14,-14,101,102,103,104,105,106,107,108,109,110,111,112,113,114,115,116,117,118,-14,-14,-14,-14,119,120,-22,121,121,121,121,121,121,121,121,121,121,121,-18,-18,-18,-18,-18,-18,-18,-18,-18,-18,-18,-18,36,1030,1030,-14,1030,-18,-18,-18,
16,,-5,-5,-5,-5,-5,-5,-5,-5,-5,-5,-5,-5,-5,-5,-5,-5,-5,-5,-5,-5,-5,-5,-5,-5,-5,-5,-5,-5,-5,-5,-5,-5,-5,-5,-5,-5,-5,-5,-5,-5,-5,-5,-5,-5,-5,-5,-5,-5,-5,-5,-5,-5,-5,-5,75,-5,-5,-5,
17,,-29,-29,-29,-29,-29,-29,-29,-29,-29,-29,-29,-29,-29,-29,-29,-29,-29,-29,-29,-29,-29,-29,-29,-29,-29,-29,-29,-29,-29,-29,-29,-29,-29,-29,-29,-29,-29,-29,-29,-29,-29,-29,-29,-29,-29,-29,-29,-29,-29,-29,-29,-29,-29,-29,-29,-29,1001,-29,
18,,-29,-29,-29,-29,-29,-29,-29,-29,-29,-29,-29,-29,-29,-29,-29,-29,-29,-29,-29,-29,-29,-29,-29,-29,-29,-29,-29,-29,-29,-29,-29,-29,-29,-29,-29,-29,-29,-29,-29,-29,-29,-29,-29,-29,-29,-29,-29,-29,-29,-29,-29,-29,-29,-29,-29,-29,1002,-29,
19,,-14,-14,101,102,103,104,105,106,107,108,109,110,111,112,113,114,115,116,117,118,-14,-14,-14,-14,119,120,-22,121,121,121,121,121,121,121,121,121,121,121,-18,-18,-18,-18,-18,-18,-18,-18,-18,-18,-18,-18,1026,1026,1026,-14,-14,-14,-14,-14,
20,3,94,44,-11,-11,-11,-11,-11,-11,-11,-11,-11,-11,-11,-11,-11,-11,-11,-11,-11,-11,82,83,85,86,-11,-11,-11,-11,-11,-11,-11,-11,-11,-11,-11,-11,-11,-11,-18,-18,-18,-18,-18,-18,-18,-18,-18,-18,-18,-18,-11,-11,-11,84,-11,-11,-11,-10,
21,,-24,-24,-11,-11,-11,-11,-11,-11,-11,-11,-11,-11,-11,-11,-11,-11,-11,-11,-11,-11,-17,-17,-17,-17,-11,-11,-22,-11,-11,-11,-11,-11,-11,-11,-11,-11,-11,-11,-18,-18,-18,-18,-18,-18,-18,-18,-18,-18,-18,-18,28,1024,1024,-14,-14,-18,-18,-10,
22,,-24,-24,101,102,103,104,105,106,107,108,109,110,111,112,113,114,115,116,117,118,-14,-14,-14,-14,119,120,-22,121,121,121,121,121,121,121,121,121,121,121,-10,-10,-10,-10,-10,-10,-10,-10,-10,-10,-10,-10,-30,-30,23,-30,-30,-30,1029,-10,
23,3,94,44,-11,-11,-11,-11,-11,-11,-11,-11,-11,-11,-11,-11,-11,-11,-11,-11,-11,-11,82,83,85,86,-11,-11,-11,-11,-11,-11,-11,-11,-11,-11,-11,-11,-11,-11,-18,-18,-18,-18,-18,-18,-18,-18,-18,-18,-18,-18,-11,-11,-11,84,-11,-11,-11,-10,
25,,-31,-31,-31,-31,-31,-31,-31,-31,-31,-31,-31,-31,-31,-31,-31,-31,-31,-31,-31,-31,-31,-31,-31,-31,-31,-31,-31,-31,-31,-31,-31,-31,-31,-31,-31,-31,-31,-31,-31,-31,-31,-31,-31,-31,-31,-31,-31,-31,-31,-31,-31,-31,-31,-31,-31,-31,1028,-31,
26,,-31,-31,-31,-31,-31,-31,-31,-31,-31,-31,-31,-31,-31,-31,-31,-31,-31,-31,-31,-31,-31,-31,-31,-31,-31,-31,-31,-31,-31,-31,-31,-31,-31,-31,-31,-31,-31,-31,-31,-31,-31,-31,-31,-31,-31,-31,-31,-31,-31,-31,-31,-31,-31,-31,-31,-31,27,-31,
27,,-24,-24,-11,-11,-11,-11,-11,-11,-11,-11,-11,-11,-11,-11,-11,-11,-11,-11,-11,-11,-17,-17,-17,-17,-11,-11,-22,-11,-11,-11,-11,-11,-11,-11,-11,-11,-11,-11,-18,-18,-18,-18,-18,-18,-18,-18,-18,-18,-18,-18,1027,1027,1027,-14,-14,-18,-18,-10,
28,,94,44,-11,-11,-11,-11,-11,-11,-11,-11,-11,-11,-11,-11,-11,-11,-11,-11,-11,-11,82,83,85,86,-11,-11,-11,-11,-11,-11,-11,-11,-11,-11,-11,-11,-11,-11,-18,-18,-18,-18,-18,-18,-18,-18,-18,-18,-18,-18,-11,-11,-11,84,-11,20,-11,-11,
29,,-14,-14,-32,-32,-32,-32,-32,-32,-32,-32,-32,-32,-32,-32,-32,-32,-32,-32,-32,-32,-32,-32,-32,-32,-32,-32,-22,-32,-32,-32,-32,-32,-32,-32,-32,-32,-32,-32,-18,-18,-18,-18,-18,-18,-18,-18,-18,-18,-18,-18,30,-32,-32,-32,-22,-32,-32,-32,
30,28,94,44,-11,-11,-11,-11,-11,-11,-11,-11,-11,-11,-11,-11,-11,-11,-11,-11,-11,-11,82,83,85,86,-11,-11,-11,-11,-11,-11,-11,-11,-11,-11,-11,-11,-11,-11,-18,-18,-18,-18,-18,-18,-18,-18,-18,-18,-18,-18,-11,-11,-11,84,-11,20,-11,-11,
31,,-14,-14,-32,-32,-32,-32,-32,-32,-32,-32,-32,-32,-32,-32,-32,-32,-32,-32,-32,-32,-32,-32,-32,-32,-32,-32,-22,-32,-32,-32,-32,-32,-32,-32,-32,-32,-32,-32,-18,-18,-18,-18,-18,-18,-18,-18,-18,-18,-18,-18,32,-32,-32,-32,-22,-32,-32,-32,
32,28,94,44,-11,-11,-11,-11,-11,-11,-11,-11,-11,-11,-11,-11,-11,-11,-11,-11,-11,-11,82,83,85,86,-11,-11,-11,-11,-11,-11,-11,-11,-11,-11,-11,-11,-11,-11,-18,-18,-18,-18,-18,-18,-18,-18,-18,-18,-18,-18,-11,-11,-11,84,-11,20,-11,-11,
33,,-24,-24,-11,-11,-11,-11,-11,-11,-11,-11,-11,-11,-11,-11,-11,-11,-11,-11,-11,-11,-17,-17,-17,-17,-11,-11,-11,-11,-11,-11,-11,-11,-11,-11,-11,-11,-11,-11,-18,-18,-18,-18,-18,-18,-18,-18,-18,-18,-18,-18,-32,1025,1025,-18,-18,-18,-18,-10,
34,,35,-1,-1,-1,-1,-1,-1,-1,-1,-1,-1,-1,-1,-1,-1,-1,-1,-1,-1,-1,-1,-1,-1,-1,-1,-1,-1,-1,-1,-1,-1,-1,-1,-1,-1,-1,-1,-1,-1,-1,-1,-1,-1,-1,-1,-1,-1,-1,-1,-1,-1,-1,-1,-1,-1,-1,-1,-1,
35,,-1,-1,-1,-1,-1,-1,-1,-1,-1,-1,-1,-1,-1,-1,-1,-1,-1,-1,-1,-1,-1,-1,-1,-1,-1,-1,-1,-1,-1,-1,-1,-1,-1,-1,-1,-1,-1,-1,-1,-1,-1,-1,-1,-1,-1,-1,-1,-1,-1,-1,-1,-1,-1,61,-1,-1,-1,-1,
36,3,94,44,-11,-11,-11,-11,-11,-11,-11,-11,-11,-11,-11,-11,-11,-11,-11,-11,-11,-11,82,83,85,86,-11,-11,-11,-11,-11,-11,-11,-11,-11,-11,-11,-11,-11,-11,-18,-18,-18,-18,-18,-18,-18,-18,-18,-18,-18,-18,-11,-11,-11,84,-11,-11,-11,-10,
37,,-14,-14,101,102,103,104,105,106,107,108,109,110,111,112,113,114,115,116,117,118,-14,-14,-14,-14,119,120,-22,121,121,121,121,121,121,121,121,121,121,121,-18,-18,-18,-18,-18,-18,-18,-18,-18,-18,-18,-18,38,-32,-32,-32,-22,-32,-32,-32,
38,3,94,44,-11,-11,-11,-11,-11,-11,-11,-11,-11,-11,-11,-11,-11,-11,-11,-11,-11,-11,82,83,85,86,-11,-11,-11,-11,-11,-11,-11,-11,-11,-11,-11,-11,-11,-11,-18,-18,-18,-18,-18,-18,-18,-18,-18,-18,-18,-18,-11,-11,-11,84,-11,-11,-11,-10,
39,,-14,-14,101,102,103,104,105,106,107,108,109,110,111,112,113,114,115,116,117,118,-14,-14,-14,-14,119,120,-22,121,121,121,121,121,121,121,121,121,121,121,-18,-18,-18,-18,-18,-18,-18,-18,-18,-18,-18,-18,40,-32,-32,-32,-22,-32,-32,-32,
40,3,94,44,-11,-11,-11,-11,-11,-11,-11,-11,-11,-11,-11,-11,-11,-11,-11,-11,-11,-11,82,83,85,86,-11,-11,-11,-11,-11,-11,-11,-11,-11,-11,-11,-11,-11,-11,-18,-18,-18,-18,-18,-18,-18,-18,-18,-18,-18,-18,-11,-11,-11,84,-11,-11,-11,-10,
41,,-14,-14,101,102,103,104,105,106,107,108,109,110,111,112,113,114,115,116,117,118,-14,-14,-14,-14,119,120,-22,121,121,121,121,121,121,121,121,121,121,121,-18,-18,-18,-18,-18,-18,-18,-18,-18,-18,-18,-18,-32,1031,1031,-14,1031,-18,-18,-10,
42,,-5,-5,-5,-5,-5,-5,-5,-5,-5,-5,-5,-5,-5,-5,-5,-5,-5,-5,-5,-5,-5,-5,-5,-5,-5,-5,-5,-5,-5,-5,-5,-5,-5,-5,-5,-5,-5,-5,-5,-5,-5,-5,-5,-5,-5,-5,-5,-5,-5,-5,-5,-5,43,-5,1036,-5,-5,-10,
43,10,94,44,-11,-11,-11,-11,-11,-11,-11,-11,-11,-11,-11,-11,-11,-11,-11,-11,-11,-11,82,83,85,86,-11,-11,-11,-11,-11,-11,-11,-11,-11,-11,-11,-11,-11,-11,-5,-5,-5,-5,-5,-5,-5,-5,-5,-5,-5,-5,-11,-5,-11,84,-11,-5,-5,-5,
44,,-14,-14,1040,1040,1040,1040,1040,1040,1040,1040,1040,1040,1040,1040,1040,1040,1040,1040,1040,1040,-14,-14,-14,-14,1040,1040,1040,1040,1040,1040,1040,1040,1040,1040,1040,1040,1040,1040,-18,-18,-18,-18,-18,-18,-18,-18,-18,-18,-18,-18,1040,1040,1040,-14,1040,-18,1040,-10,
45,,-5,-5,-5,-5,-5,-5,-5,-5,-5,-5,-5,-5,-5,-5,-5,-5,-5,-5,-5,-5,-5,-5,-5,-5,-5,-5,-5,-5,-5,-5,-5,-5,-5,-5,-5,-5,-5,-5,-5,-5,-5,-5,-5,-5,-5,-5,-5,-5,-5,-5,-5,-5,-5,-5,1037,-5,-5,-5,
46,,-5,-5,-5,-5,-5,-5,-5,-5,-5,-5,-5,-5,-5,-5,-5,-5,-5,-5,-5,-5,-5,-5,-5,-5,-5,-5,-5,-5,-5,-5,-5,-5,-5,-5,-5,-5,-5,-5,-5,-5,-5,-5,-5,-5,-5,-5,-5,-5,-5,-5,-5,-5,-5,-5,47,-5,-5,-5,
47,,-14,-14,1063,1063,1063,1063,1063,1063,1063,1063,1063,1063,1063,1063,1063,1063,1063,1063,1063,1063,-14,-14,-14,-14,1063,1063,1063,1063,1063,1063,1063,1063,1063,1063,1063,1063,1063,1063,-18,-18,-18,-18,-18,-18,-18,-18,-18,-18,-18,-18,1063,1063,1063,-14,1063,-18,1063,-10,
48,,-18,-18,-18,-18,-18,-18,-18,-18,-18,-18,-18,-18,-18,-18,-18,-18,-18,-18,-18,-18,-18,-18,-18,-18,-18,-18,-18,-18,-18,-18,-18,-18,-18,-18,-18,-18,-18,-18,-18,-18,-18,-18,-18,-18,-18,-18,-18,-18,-18,-18,-18,1034,-18,-18,-18,-18,-18,-18,
49,,-29,-29,-29,-29,-29,-29,-29,-29,-29,-29,-29,-29,-29,-29,-29,-29,-29,-29,-29,-29,-29,-29,-29,-29,-29,-29,-29,-29,-29,-29,-29,-29,-29,-29,-29,-29,-29,-29,-29,-29,-29,-29,-29,-29,-29,-29,-29,-29,-29,-29,-29,-29,-29,-29,-29,-29,50,-29,
50,,-1,-1,-1,-1,-1,-1,-1,-1,-1,-1,-1,-1,-1,-1,-1,-1,-1,-1,-1,-1,-1,-1,-1,-1,-1,-1,-1,-1,-1,-1,-1,-1,-1,-1,-1,-1,-1,-1,34,-1,-1,-1,-1,-1,-1,-1,-1,-1,-1,-1,-1,-1,-1,-1,-1,-1,-1,1012,
51,,-1,-1,-1,-1,-1,-1,-1,-1,-1,-1,-1,-1,-1,-1,-1,-1,-1,-1,-1,-1,-1,-1,-1,-1,-1,-1,-1,-1,-1,-1,-1,-1,-1,-1,-1,-1,-1,-1,-1,-1,-1,-1,-1,-1,-1,-1,-1,-1,-1,-1,-1,-1,-1,-1,-1,-1,-1,1013,
53,28,94,44,-11,-11,-11,-11,-11,-11,-11,-11,-11,-11,-11,-11,-11,-11,-11,-11,-11,-11,82,83,85,86,-11,-11,-11,-11,-11,-11,-11,-11,-11,-11,-11,-11,-11,-11,-18,-18,-18,-18,-18,-18,-18,-18,-18,-18,-18,-18,-11,-11,-11,84,-11,20,-11,-11,
54,,11,-21,-11,-11,-11,-11,-11,-11,-11,-11,-11,-11,-11,-11,-11,-11,-11,-11,-11,-11,-11,-11,-11,-11,-11,-11,-11,-11,-11,-11,-11,-11,-11,-11,-11,-11,-11,-11,-18,-18,-18,-18,-18,-18,-18,-18,-18,-18,-18,-18,-16,-11,-11,-16,-22,-18,-18,-10,
55,,-18,-18,-18,-18,-18,-18,-18,-18,-18,-18,-18,-18,-18,-18,-18,-18,-18,-18,-18,-18,-18,-18,-18,-18,-18,-18,-18,-18,-18,-18,-18,-18,-18,-18,-18,-18,-18,-18,-18,-18,-18,-18,-18,-18,-18,-18,-18,-18,-18,-18,-18,1035,-18,-18,-18,-18,-18,-18,
56,,-6,-6,-6,-6,-6,-6,-6,-6,-6,-6,-6,-6,-6,-6,-6,-6,-6,-6,-6,-6,-6,-6,-6,-6,-6,-6,-6,-6,-6,-6,-6,-6,-6,-6,-6,-6,-6,-6,-6,-6,-6,-6,-6,-6,-6,-6,-6,-6,-6,-6,-6,-6,-6,-6,-6,9,-6,-6,
57,,1005,1005,-11,-11,-11,-11,-11,-11,-11,-11,-11,-11,-11,-11,-11,-11,-11,-11,-11,-11,1005,1005,1005,1005,-11,-11,-11,-11,-11,-11,-11,-11,-11,-11,-11,-11,-11,-11,-12,1005,1005,1005,1005,1005,1005,1005,1005,1005,1005,1005,-7,-19,-17,1005,-12,1005,1005,-10,
58,,94,44,-11,-11,-11,-11,-11,-11,-11,-11,-11,-11,-11,-11,-11,-11,-11,-11,-11,-11,82,83,85,86,-11,-11,-11,-11,-11,-11,-11,-11,-11,-11,-11,-11,-11,-11,-12,62,98,-13,99,100,124,126,127,154,160,167,-19,-8,-11,84,-22,77,-20,-10,
59,54,11,-21,-11,-11,-11,-11,-11,-11,-11,-11,-11,-11,-11,-11,-11,-11,-11,-11,-11,-11,-11,-11,-11,-11,-11,-11,-11,-11,-11,-11,-11,-11,-11,-11,-11,-11,-11,-11,-18,-18,-18,-18,-18,-18,-18,-18,-18,-18,-18,-18,-16,-11,-11,-16,-22,-18,-18,-10,
60,,1007,1007,-11,-11,-11,-11,-11,-11,-11,-11,-11,-11,-11,-11,-11,-11,-11,-11,-11,-11,1007,1007,1007,1007,-11,-11,-11,-11,-11,-11,-11,-11,-11,-11,-11,-11,-11,-11,-12,1007,1007,70,1007,1007,1007,1007,1007,1007,1007,1007,-7,-19,-17,1007,-12,1007,1007,-10,
61,,-3,-2,-2,-2,-2,-2,-2,-2,-2,-2,-2,-2,-2,-2,-2,-2,-2,-2,-2,-2,-2,-2,-2,-2,-2,-2,-2,-2,-2,-2,-2,-2,-2,-2,-2,-2,-2,-2,-2,62,-2,-2,-2,-2,-2,-2,-2,-2,-2,-2,-2,-2,-2,-2,1014,-2,-2,-2,
62,,63,-2,-2,-2,-2,-2,-2,-2,-2,-2,-2,-2,-2,-2,-2,-2,-2,-2,-2,-2,-2,-2,-2,-2,-2,-2,-2,-2,-2,-2,-2,-2,-2,-2,-2,-2,-2,-2,-2,-2,-2,-2,-2,-2,-2,-2,-2,-2,-2,-2,-2,-2,-4,-2,-4,-2,-2,-2,
63,,-2,-2,-2,-2,-2,-2,-2,-2,-2,-2,-2,-2,-2,-2,-2,-2,-2,-2,-2,-2,-2,-2,-2,-2,-2,-2,-2,-2,-2,-2,-2,-2,-2,-2,-2,-2,-2,-2,-2,-2,-2,-2,-2,-2,-2,-2,-2,-2,-2,-2,-2,-2,64,-2,1015,-2,-2,-2,
64,,-3,-2,-2,-2,-2,-2,-2,-2,-2,-2,-2,-2,-2,-2,-2,-2,-2,-2,-2,-2,-2,-2,-2,-2,-2,-2,-2,-2,-2,-2,-2,-2,-2,-2,-2,-2,-2,-2,-2,62,-2,-2,-2,-2,-2,-2,-2,-2,-2,-2,-2,-2,-2,-2,-2,-2,-2,-2,
68,,-5,-5,-5,-5,-5,-5,-5,-5,-5,-5,-5,-5,-5,-5,-5,-5,-5,-5,-5,-5,-5,-5,-5,-5,-5,-5,-5,-5,-5,-5,-5,-5,-5,-5,-5,-5,-5,-5,-5,-5,-5,-5,-5,-5,-5,-5,-5,-5,-5,-5,-5,-5,-5,-5,1016,-5,-5,-5,
69,,-5,-5,-5,-5,-5,-5,-5,-5,-5,-5,-5,-5,-5,-5,-5,-5,-5,-5,-5,-5,-5,-5,-5,-5,-5,-5,-5,-5,-5,-5,-5,-5,-5,-5,-5,-5,-5,-5,-5,-5,-5,-5,-5,-5,-5,-5,-5,-5,-5,-5,-5,-5,-5,-5,56,-5,-5,-5,
70,58,94,44,-11,-11,-11,-11,-11,-11,-11,-11,-11,-11,-11,-11,-11,-11,-11,-11,-11,-11,82,83,85,86,-11,-11,-11,-11,-11,-11,-11,-11,-11,-11,-11,-11,-11,-11,-12,62,98,-13,99,100,124,126,127,154,160,167,-19,-8,-11,84,-22,77,-20,-10,
71,,1018,1018,-11,-11,-11,-11,-11,-11,-11,-11,-11,-11,-11,-11,-11,-11,-11,-11,-11,-11,1018,1018,1018,1018,-11,-11,-11,-11,-11,-11,-11,-11,-11,-11,-11,-11,-11,-11,-12,1018,1018,1018,1018,1018,1018,1018,1018,1018,1018,1018,-7,-19,-17,1018,-12,1018,1018,-10,
73,58,94,44,-11,-11,-11,-11,-11,-11,-11,-11,-11,-11,-11,-11,-11,-11,-11,-11,-11,-11,82,83,85,86,-11,-11,-11,-11,-11,-11,-11,-11,-11,-11,-11,-11,-11,-11,-12,62,98,-13,99,100,124,126,127,154,160,167,-19,-8,-11,84,-22,77,-20,-10,
74,,1008,1008,-11,-11,-11,-11,-11,-11,-11,-11,-11,-11,-11,-11,-11,-11,-11,-11,-11,-11,1008,1008,1008,1008,-11,-11,-11,-11,-11,-11,-11,-11,-11,-11,-11,-11,-11,-11,-12,1008,1008,1008,1008,1008,1008,1008,1008,1008,1008,1008,-7,-19,-17,1008,-12,1008,1008,-10,
75,58,94,44,-11,-11,-11,-11,-11,-11,-11,-11,-11,-11,-11,-11,-11,-11,-11,-11,-11,-11,82,83,85,86,-11,-11,-11,-11,-11,-11,-11,-11,-11,-11,-11,-11,-11,-11,-12,62,98,-13,99,100,124,126,127,154,160,167,-19,-8,-11,84,-22,77,-20,-10,
76,,1009,1009,-11,-11,-11,-11,-11,-11,-11,-11,-11,-11,-11,-11,-11,-11,-11,-11,-11,-11,1009,1009,1009,1009,-11,-11,-11,-11,-11,-11,-11,-11,-11,-11,-11,-11,-11,-11,-12,1009,1009,1009,1009,1009,1009,1009,1009,1009,1009,1009,-7,-19,-17,1009,-12,1009,1009,-10,
77,58,94,44,-11,-11,-11,-11,-11,-11,-11,-11,-11,-11,-11,-11,-11,-11,-11,-11,-11,-11,82,83,85,86,-11,-11,-11,-11,-11,-11,-11,-11,-11,-11,-11,-11,-11,-11,-12,62,98,-13,99,100,124,126,127,154,160,167,-19,-8,-11,84,-22,77,-20,-10,
78,,-29,-29,-29,-29,-29,-29,-29,-29,-29,-29,-29,-29,-29,-29,-29,-29,-29,-29,-29,-29,-29,-29,-29,-29,-29,-29,-29,-29,-29,-29,-29,-29,-29,-29,-29,-29,-29,-29,-29,-29,-29,-29,-29,-29,-29,-29,-29,-29,-29,-29,-29,-29,-29,-29,-29,-29,81,-29,
80,,-24,-24,-11,-11,-11,-11,-11,-11,-11,-11,-11,-11,-11,-11,-11,-11,-11,-11,-11,-11,-11,-11,-11,-11,-11,-11,-11,-11,-11,-11,-11,-11,-11,-11,-11,-11,-11,-11,-18,-18,-18,-18,-18,-18,-18,-18,-18,-18,-18,-18,-14,1033,54,-14,-22,-18,-18,-10,
81,,1011,1011,-11,-11,-11,-11,-11,-11,-11,-11,-11,-11,-11,-11,-11,-11,-11,-11,-11,-11,1007,1007,1007,1007,-11,-11,-11,-11,-11,-11,-11,-11,-11,-11,-11,-11,-11,-11,-12,1011,1011,1011,1011,1011,1011,1011,1011,1011,1011,1011,-7,-19,-17,1007,-12,1007,1007,-10,
82,3,94,44,-11,-11,-11,-11,-11,-11,-11,-11,-11,-11,-11,-11,-11,-11,-11,-11,-11,-11,82,83,85,86,-11,-11,-11,-11,-11,-11,-11,-11,-11,-11,-11,-11,-11,-11,-18,-18,-18,-18,-18,-18,-18,-18,-18,-18,-18,-18,-11,-11,-11,84,-11,-11,-11,-10,
83,3,94,44,-11,-11,-11,-11,-11,-11,-11,-11,-11,-11,-11,-11,-11,-11,-11,-11,-11,-11,82,83,85,86,-11,-11,-11,-11,-11,-11,-11,-11,-11,-11,-11,-11,-11,-11,-18,-18,-18,-18,-18,-18,-18,-18,-18,-18,-18,-18,-11,-11,-11,84,-11,-11,-11,-10,
84,,94,44,-11,-11,-11,-11,-11,-11,-11,-11,-11,-11,-11,-11,-11,-11,-11,-11,-11,-11,82,83,85,86,-11,-11,-11,-11,-11,-11,-11,-11,-11,-11,-11,-11,-11,-11,-18,151,-18,-18,-18,-18,-18,-18,-18,-18,-18,-18,-11,-11,-11,84,-11,-11,-11,-10,
85,3,94,44,-11,-11,-11,-11,-11,-11,-11,-11,-11,-11,-11,-11,-11,-11,-11,-11,-11,-11,82,83,85,86,-11,-11,-11,-11,-11,-11,-11,-11,-11,-11,-11,-11,-11,-11,-18,-18,-18,-18,-18,-18,-18,-18,-18,-18,-18,-18,-11,-11,-11,84,-11,-11,-11,-10,
86,3,94,44,-11,-11,-11,-11,-11,-11,-11,-11,-11,-11,-11,-11,-11,-11,-11,-11,-11,-11,82,83,85,86,-11,-11,-11,-11,-11,-11,-11,-11,-11,-11,-11,-11,-11,-11,-18,-18,-18,-18,-18,-18,-18,-18,-18,-18,-18,-18,-11,-11,-11,84,-11,-11,-11,-10,
87,,-14,-14,101,102,103,104,105,106,107,108,109,110,111,112,113,114,115,116,117,118,-14,-14,-14,-14,119,120,-22,121,121,121,121,121,121,121,121,121,121,121,-18,-18,-18,-18,-18,-18,-18,-18,-18,-18,-18,-18,-17,95,-17,-14,-22,-18,-18,-10,
88,,-14,-14,1059,1059,1059,1059,1059,1059,1059,1059,1059,1059,1059,1059,1059,1059,1059,1059,1059,1059,-14,-14,-14,-14,119,1059,1059,1059,1059,1059,1059,1059,1059,1059,1059,1059,1059,1059,-18,-18,-18,-18,-18,-18,-18,-18,-18,-18,-18,-18,1059,1059,1059,-14,1059,-18,1059,-10,
89,,-14,-14,1060,1060,1060,1060,1060,1060,1060,1060,1060,1060,1060,1060,1060,1060,1060,1060,1060,1060,-14,-14,-14,-14,119,1060,1060,1060,1060,1060,1060,1060,1060,1060,1060,1060,1060,1060,-18,-18,-18,-18,-18,-18,-18,-18,-18,-18,-18,-18,1060,1060,1060,-14,1060,-18,1060,-10,
90,,-14,-14,1064,1064,1064,1064,1064,1064,1064,1064,1064,1064,1064,1064,1064,1064,1064,1064,1064,1064,-14,-14,-14,-14,119,1064,1064,1064,1064,1064,1064,1064,1064,1064,1064,1064,1064,1064,-18,-18,-18,-18,-18,-18,-18,-18,-18,-18,-18,-18,1064,1064,1064,-14,1064,-18,1064,-10,
91,,-14,-14,1065,1065,1065,1065,1065,1065,1065,1065,1065,1065,1065,1065,1065,1065,1065,1065,1065,1065,-14,-14,-14,-14,119,1065,1065,1065,1065,1065,1065,1065,1065,1065,1065,1065,1065,1065,-18,-18,-18,-18,-18,-18,-18,-18,-18,-18,-18,-18,1065,1065,1065,-14,1065,-18,1065,-10,
92,,-14,-14,101,102,103,104,105,106,107,108,109,110,111,112,113,114,115,116,117,118,-14,-14,-14,-14,119,120,-22,121,121,121,121,121,121,121,121,121,121,121,-18,-18,-18,-18,-18,-18,-18,-18,-18,-18,-18,-18,-5,-5,-5,-14,93,-18,-18,-10,
93,,-14,-14,1062,1062,1062,1062,1062,1062,1062,1062,1062,1062,1062,1062,1062,1062,1062,1062,1062,1062,-14,-14,-14,-14,1062,1062,1062,1062,1062,1062,1062,1062,1062,1062,1062,1062,1062,1062,-18,-18,-18,-18,-18,-18,-18,-18,-18,-18,-18,-18,1062,1062,1062,-14,1062,-18,1062,-10,
94,,-14,-14,1039,1039,1039,1039,1039,1039,1039,1039,1039,1039,1039,1039,1039,1039,1039,1039,1039,1039,-14,-14,-14,-14,1039,1039,1039,1039,1039,1039,1039,1039,1039,1039,1039,1039,1039,1039,-18,-18,-18,-18,-18,-18,-18,-18,-18,-18,-18,-18,1039,1039,1039,10,1039,-18,1039,-10,
95,,1004,1004,-11,-11,-11,-11,-11,-11,-11,-11,-11,-11,-11,-11,-11,-11,-11,-11,-11,-11,1004,1004,1004,1004,-11,-11,-11,-11,-11,-11,-11,-11,-11,-11,-11,-11,-11,-11,-12,1004,1004,1004,1004,1004,1004,1004,1004,1004,1004,1004,-7,-19,-17,1004,-12,1004,1004,-10,
96,,1019,1019,-11,-11,-11,-11,-11,-11,-11,-11,-11,-11,-11,-11,-11,-11,-11,-11,-11,-11,1019,1019,1019,1019,-11,-11,-11,-11,-11,-11,-11,-11,-11,-11,-11,-11,-11,-11,-12,1019,1019,1019,1019,1019,1019,1019,1019,1019,1019,1019,-7,-19,-17,1019,-12,1019,1019,-10,
97,,1020,1020,-11,-11,-11,-11,-11,-11,-11,-11,-11,-11,-11,-11,-11,-11,-11,-11,-11,-11,1020,1020,1020,1020,-11,-11,-11,-11,-11,-11,-11,-11,-11,-11,-11,-11,-11,-11,-12,1020,1020,1020,1020,1020,1020,1020,1020,1020,1020,1020,-7,-19,-17,1020,-12,1020,1020,-10,
98,,-33,-33,-33,-33,-33,-33,-33,-33,-33,-33,-33,-33,-33,-33,-33,-33,-33,-33,-33,-33,-33,-33,-33,-33,-33,-33,-33,-33,-33,-33,-33,-33,-33,-33,-33,-33,-33,-33,-33,-33,-33,-33,-33,-33,-33,-33,-33,-33,-33,-33,-33,-33,-33,3,-33,-33,-33,-33,
99,,-33,-33,-33,-33,-33,-33,-33,-33,-33,-33,-33,-33,-33,-33,-33,-33,-33,-33,-33,-33,-33,-33,-33,-33,-33,-33,-33,-33,-33,-33,-33,-33,-33,-33,-33,-33,-33,-33,-33,-33,-33,-33,-33,-33,-33,-33,-33,-33,-33,-33,-33,-33,-33,4,-33,-33,-33,-33,
100,,-33,-33,-33,-33,-33,-33,-33,-33,-33,-33,-33,-33,-33,-33,-33,-33,-33,-33,-33,-33,-33,-33,-33,-33,-33,-33,-33,-33,-33,-33,-33,-33,-33,-33,-33,-33,-33,-33,-33,-33,-33,-33,-33,-33,-33,-33,-33,-33,-33,-33,-33,-33,-33,5,-33,-33,-33,-33,
101,3,94,44,-11,-11,-11,-11,-11,-11,-11,-11,-11,-11,-11,-11,-11,-11,-11,-11,-11,-11,82,83,85,86,-11,-11,-11,-11,-11,-11,-11,-11,-11,-11,-11,-11,-11,-11,-18,-18,-18,-18,-18,-18,-18,-18,-18,-18,-18,-18,-11,-11,-11,84,-11,-11,-11,-10,
102,3,94,44,-11,-11,-11,-11,-11,-11,-11,-11,-11,-11,-11,-11,-11,-11,-11,-11,-11,-11,82,83,85,86,-11,-11,-11,-11,-11,-11,-11,-11,-11,-11,-11,-11,-11,-11,-18,-18,-18,-18,-18,-18,-18,-18,-18,-18,-18,-18,-11,-11,-11,84,-11,-11,-11,-10,
103,3,94,44,-11,-11,-11,-11,-11,-11,-11,-11,-11,-11,-11,-11,-11,-11,-11,-11,-11,-11,82,83,85,86,-11,-11,-11,-11,-11,-11,-11,-11,-11,-11,-11,-11,-11,-11,-18,-18,-18,-18,-18,-18,-18,-18,-18,-18,-18,-18,-11,-11,-11,84,-11,-11,-11,-10,
104,3,94,44,-11,-11,-11,-11,-11,-11,-11,-11,-11,-11,-11,-11,-11,-11,-11,-11,-11,-11,82,83,85,86,-11,-11,-11,-11,-11,-11,-11,-11,-11,-11,-11,-11,-11,-11,-18,-18,-18,-18,-18,-18,-18,-18,-18,-18,-18,-18,-11,-11,-11,84,-11,-11,-11,-10,
105,3,94,44,-11,-11,-11,-11,-11,-11,-11,-11,-11,-11,-11,-11,-11,-11,-11,-11,-11,-11,82,83,85,86,-11,-11,-11,-11,-11,-11,-11,-11,-11,-11,-11,-11,-11,-11,-18,-18,-18,-18,-18,-18,-18,-18,-18,-18,-18,-18,-11,-11,-11,84,-11,-11,-11,-10,
106,3,94,44,-11,-11,-11,-11,-11,-11,-11,-11,-11,-11,-11,-11,-11,-11,-11,-11,-11,-11,82,83,85,86,-11,-11,-11,-11,-11,-11,-11,-11,-11,-11,-11,-11,-11,-11,-18,-18,-18,-18,-18,-18,-18,-18,-18,-18,-18,-18,-11,-11,-11,84,-11,-11,-11,-10,
107,3,94,44,-11,-11,-11,-11,-11,-11,-11,-11,-11,-11,-11,-11,-11,-11,-11,-11,-11,-11,82,83,85,86,-11,-11,-11,-11,-11,-11,-11,-11,-11,-11,-11,-11,-11,-11,-18,-18,-18,-18,-18,-18,-18,-18,-18,-18,-18,-18,-11,-11,-11,84,-11,-11,-11,-10,
108,3,94,44,-11,-11,-11,-11,-11,-11,-11,-11,-11,-11,-11,-11,-11,-11,-11,-11,-11,-11,82,83,85,86,-11,-11,-11,-11,-11,-11,-11,-11,-11,-11,-11,-11,-11,-11,-18,-18,-18,-18,-18,-18,-18,-18,-18,-18,-18,-18,-11,-11,-11,84,-11,-11,-11,-10,
109,3,94,44,-11,-11,-11,-11,-11,-11,-11,-11,-11,-11,-11,-11,-11,-11,-11,-11,-11,-11,82,83,85,86,-11,-11,-11,-11,-11,-11,-11,-11,-11,-11,-11,-11,-11,-11,-18,-18,-18,-18,-18,-18,-18,-18,-18,-18,-18,-18,-11,-11,-11,84,-11,-11,-11,-10,
110,3,94,44,-11,-11,-11,-11,-11,-11,-11,-11,-11,-11,-11,-11,-11,-11,-11,-11,-11,-11,82,83,85,86,-11,-11,-11,-11,-11,-11,-11,-11,-11,-11,-11,-11,-11,-11,-18,-18,-18,-18,-18,-18,-18,-18,-18,-18,-18,-18,-11,-11,-11,84,-11,-11,-11,-10,
111,3,94,44,-11,-11,-11,-11,-11,-11,-11,-11,-11,-11,-11,-11,-11,-11,-11,-11,-11,-11,82,83,85,86,-11,-11,-11,-11,-11,-11,-11,-11,-11,-11,-11,-11,-11,-11,-18,-18,-18,-18,-18,-18,-18,-18,-18,-18,-18,-18,-11,-11,-11,84,-11,-11,-11,-10,
112,3,94,44,-11,-11,-11,-11,-11,-11,-11,-11,-11,-11,-11,-11,-11,-11,-11,-11,-11,-11,82,83,85,86,-11,-11,-11,-11,-11,-11,-11,-11,-11,-11,-11,-11,-11,-11,-18,-18,-18,-18,-18,-18,-18,-18,-18,-18,-18,-18,-11,-11,-11,84,-11,-11,-11,-10,
113,3,94,44,-11,-11,-11,-11,-11,-11,-11,-11,-11,-11,-11,-11,-11,-11,-11,-11,-11,-11,82,83,85,86,-11,-11,-11,-11,-11,-11,-11,-11,-11,-11,-11,-11,-11,-11,-18,-18,-18,-18,-18,-18,-18,-18,-18,-18,-18,-18,-11,-11,-11,84,-11,-11,-11,-10,
114,3,94,44,-11,-11,-11,-11,-11,-11,-11,-11,-11,-11,-11,-11,-11,-11,-11,-11,-11,-11,82,83,85,86,-11,-11,-11,-11,-11,-11,-11,-11,-11,-11,-11,-11,-11,-11,-18,-18,-18,-18,-18,-18,-18,-18,-18,-18,-18,-18,-11,-11,-11,84,-11,-11,-11,-10,
115,3,94,44,-11,-11,-11,-11,-11,-11,-11,-11,-11,-11,-11,-11,-11,-11,-11,-11,-11,-11,82,83,85,86,-11,-11,-11,-11,-11,-11,-11,-11,-11,-11,-11,-11,-11,-11,-18,-18,-18,-18,-18,-18,-18,-18,-18,-18,-18,-18,-11,-11,-11,84,-11,-11,-11,-10,
116,3,94,44,-11,-11,-11,-11,-11,-11,-11,-11,-11,-11,-11,-11,-11,-11,-11,-11,-11,-11,82,83,85,86,-11,-11,-11,-11,-11,-11,-11,-11,-11,-11,-11,-11,-11,-11,-18,-18,-18,-18,-18,-18,-18,-18,-18,-18,-18,-18,-11,-11,-11,84,-11,-11,-11,-10,
117,3,94,44,-11,-11,-11,-11,-11,-11,-11,-11,-11,-11,-11,-11,-11,-11,-11,-11,-11,-11,82,83,85,86,-11,-11,-11,-11,-11,-11,-11,-11,-11,-11,-11,-11,-11,-11,-18,-18,-18,-18,-18,-18,-18,-18,-18,-18,-18,-18,-11,-11,-11,84,-11,-11,-11,-10,
118,3,94,44,-11,-11,-11,-11,-11,-11,-11,-11,-11,-11,-11,-11,-11,-11,-11,-11,-11,-11,82,83,85,86,-11,-11,-11,-11,-11,-11,-11,-11,-11,-11,-11,-11,-11,-11,-18,-18,-18,-18,-18,-18,-18,-18,-18,-18,-18,-18,-11,-11,-11,84,-11,-11,-11,-10,
119,3,94,44,-11,-11,-11,-11,-11,-11,-11,-11,-11,-11,-11,-11,-11,-11,-11,-11,-11,-11,82,83,85,86,-11,-11,-11,-11,-11,-11,-11,-11,-11,-11,-11,-11,-11,-11,-18,-18,-18,-18,-18,-18,-18,-18,-18,-18,-18,-18,-11,-11,-11,84,-11,-11,-11,-10,
120,3,94,44,-11,-11,-11,-11,-11,-11,-11,-11,-11,-11,-11,-11,-11,-11,-11,-11,-11,-11,82,83,85,86,-11,-11,-11,-11,-11,-11,-11,-11,-11,-11,-11,-11,-11,-11,-18,-18,-18,-18,-18,-18,-18,-18,-18,-18,-18,-18,-11,-11,-11,84,-11,-11,-11,-10,
121,3,94,44,-11,-11,-11,-11,-11,-11,-11,-11,-11,-11,-11,-11,-11,-11,-11,-11,-11,-11,82,83,85,86,-11,-11,-11,-11,-11,-11,-11,-11,-11,-11,-11,-11,-11,-11,-18,-18,-18,-18,-18,-18,-18,-18,-18,-18,-18,-18,-11,-11,-11,84,-11,-11,-11,-10,
122,,-14,-14,1067,1067,1067,1067,1067,1067,1067,1067,1067,1067,1067,1067,1067,1067,1067,1067,1067,1067,-14,-14,-14,-14,1067,1067,1067,1067,1067,1067,1067,1067,1067,1067,1067,1067,1067,1067,-18,-18,-18,-18,-18,-18,-18,-18,-18,-18,-18,-18,1067,1067,1067,-14,1067,-18,1067,-10,
123,,-14,-14,1066,1066,1066,1066,1066,1066,1066,1066,1066,1066,1066,1066,1066,1066,1066,1066,1066,1066,-14,-14,-14,-14,1066,1066,1066,1066,1066,1066,1066,1066,1066,1066,1066,1066,1066,1066,-18,-18,-18,-18,-18,-18,-18,-18,-18,-18,-18,-18,1066,1066,1066,-14,1066,-18,1066,-10,
124,,125,-11,-11,-11,-11,-11,-11,-11,-11,-11,-11,-11,-11,-11,-11,-11,-11,-11,-11,-11,-11,-11,-11,-11,-11,-11,-11,-11,-11,-11,-11,-11,-11,-11,-11,-11,-11,-11,-16,-16,-16,-16,-16,-16,-16,-16,-16,-16,-16,-16,-11,-11,-11,-11,-11,-11,-11,-11,
125,,-18,-18,-18,-18,-18,-18,-18,-18,-18,-18,-18,-18,-18,-18,-18,-18,-18,-18,-18,-18,-18,-18,-18,-18,-18,-18,-18,-18,-18,-18,-18,-18,-18,-18,-18,-18,-18,-18,-18,-18,-18,-18,-18,-18,-18,-18,-18,-18,-18,-18,-18,6,-18,-18,-18,-18,-18,-18,
126,,-18,-18,-18,-18,-18,-18,-18,-18,-18,-18,-18,-18,-18,-18,-18,-18,-18,-18,-18,-18,-18,-18,-18,-18,-18,-18,-18,-18,-18,-18,-18,-18,-18,-18,-18,-18,-18,-18,-18,-18,-18,-18,-18,-18,-18,-18,-18,-18,-18,-18,-18,96,-18,-18,-18,-18,-18,-18,
127,,-18,-18,-18,-18,-18,-18,-18,-18,-18,-18,-18,-18,-18,-18,-18,-18,-18,-18,-18,-18,-18,-18,-18,-18,-18,-18,-18,-18,-18,-18,-18,-18,-18,-18,-18,-18,-18,-18,-18,-18,-18,-18,-18,-18,-18,-18,-18,-18,-18,-18,-18,97,-18,-18,-18,-18,-18,-18,
131,,-14,-14,1041,102,103,104,105,106,107,108,109,110,111,112,113,114,115,116,117,118,-14,-14,-14,-14,119,120,1041,1041,1041,1041,1041,1041,1041,1041,1041,1041,1041,1041,-18,-18,-18,-18,-18,-18,-18,-18,-18,-18,-18,-18,1041,1041,1041,-14,1041,-18,1041,-10,
132,,-14,-14,1042,1042,103,104,105,106,107,108,109,110,111,112,113,114,115,116,117,118,-14,-14,-14,-14,119,120,1042,1042,1042,1042,1042,1042,1042,1042,1042,1042,1042,1042,-18,-18,-18,-18,-18,-18,-18,-18,-18,-18,-18,-18,1042,1042,1042,-14,1042,-18,1042,-10,
133,,-14,-14,1043,1043,1043,104,105,106,107,108,109,110,111,112,113,114,115,116,117,118,-14,-14,-14,-14,119,120,1043,1043,1043,1043,1043,1043,1043,1043,1043,1043,1043,1043,-18,-18,-18,-18,-18,-18,-18,-18,-18,-18,-18,-18,1043,1043,1043,-14,1043,-18,1043,-10,
134,,-14,-14,1044,1044,1044,1044,105,106,107,108,109,110,111,112,113,114,115,116,117,118,-14,-14,-14,-14,119,120,1044,1044,1044,1044,1044,1044,1044,1044,1044,1044,1044,1044,-18,-18,-18,-18,-18,-18,-18,-18,-18,-18,-18,-18,1044,1044,1044,-14,1044,-18,1044,-10,
135,,-14,-14,1045,1045,1045,1045,1045,106,107,108,109,110,111,112,113,114,115,116,117,118,-14,-14,-14,-14,119,120,1045,1045,1045,1045,1045,1045,1045,1045,1045,1045,1045,1045,-18,-18,-18,-18,-18,-18,-18,-18,-18,-18,-18,-18,1045,1045,1045,-14,1045,-18,1045,-10,
136,,-14,-14,1046,1046,1046,1046,1046,1046,107,108,109,110,111,112,113,114,115,116,117,118,-14,-14,-14,-14,119,120,1046,1046,1046,1046,1046,1046,1046,1046,1046,1046,1046,1046,-18,-18,-18,-18,-18,-18,-18,-18,-18,-18,-18,-18,1046,1046,1046,-14,1046,-18,1046,-10,
137,,-14,-14,1047,1047,1047,1047,1047,1047,1047,108,109,110,111,112,113,114,115,116,117,118,-14,-14,-14,-14,119,120,1047,1047,1047,1047,1047,1047,1047,1047,1047,1047,1047,1047,-18,-18,-18,-18,-18,-18,-18,-18,-18,-18,-18,-18,1047,1047,1047,-14,1047,-18,1047,-10,
138,,-14,-14,1048,1048,1048,1048,1048,1048,1048,1048,1048,110,111,112,113,114,115,116,117,118,-14,-14,-14,-14,119,120,1048,1048,1048,1048,1048,1048,1048,1048,1048,1048,1048,1048,-18,-18,-18,-18,-18,-18,-18,-18,-18,-18,-18,-18,1048,1048,1048,-14,1048,-18,1048,-10,
139,,-14,-14,1049,1049,1049,1049,1049,1049,1049,1049,1049,110,111,112,113,114,115,116,117,118,-14,-14,-14,-14,119,120,1049,1049,1049,1049,1049,1049,1049,1049,1049,1049,1049,1049,-18,-18,-18,-18,-18,-18,-18,-18,-18,-18,-18,-18,1049,1049,1049,-14,1049,-18,1049,-10,
140,,-14,-14,1050,1050,1050,1050,1050,1050,1050,1050,1050,1050,1050,1050,1050,114,115,116,117,118,-14,-14,-14,-14,119,120,1050,1050,1050,1050,1050,1050,1050,1050,1050,1050,1050,1050,-18,-18,-18,-18,-18,-18,-18,-18,-18,-18,-18,-18,1050,1050,1050,-14,1050,-18,1050,-10,
141,,-14,-14,1051,1051,1051,1051,1051,1051,1051,1051,1051,1051,1051,1051,1051,114,115,116,117,118,-14,-14,-14,-14,119,120,1051,1051,1051,1051,1051,1051,1051,1051,1051,1051,1051,1051,-18,-18,-18,-18,-18,-18,-18,-18,-18,-18,-18,-18,1051,1051,1051,-14,1051,-18,1051,-10,
142,,-14,-14,1052,1052,1052,1052,1052,1052,1052,1052,1052,1052,1052,1052,1052,114,115,116,117,118,-14,-14,-14,-14,119,120,1052,1052,1052,1052,1052,1052,1052,1052,1052,1052,1052,1052,-18,-18,-18,-18,-18,-18,-18,-18,-18,-18,-18,-18,1052,1052,1052,-14,1052,-18,1052,-10,
143,,-14,-14,1053,1053,1053,1053,1053,1053,1053,1053,1053,1053,1053,1053,1053,114,115,116,117,118,-14,-14,-14,-14,119,120,1053,1053,1053,1053,1053,1053,1053,1053,1053,1053,1053,1053,-18,-18,-18,-18,-18,-18,-18,-18,-18,-18,-18,-18,1053,1053,1053,-14,1053,-18,1053,-10,
144,,-14,-14,1054,1054,1054,1054,1054,1054,1054,1054,1054,1054,1054,1054,1054,1054,1054,116,117,118,-14,-14,-14,-14,119,120,1054,1054,1054,1054,1054,1054,1054,1054,1054,1054,1054,1054,-18,-18,-18,-18,-18,-18,-18,-18,-18,-18,-18,-18,1054,1054,1054,-14,1054,-18,1054,-10,
145,,-14,-14,1055,1055,1055,1055,1055,1055,1055,1055,1055,1055,1055,1055,1055,1055,1055,116,117,118,-14,-14,-14,-14,119,120,1055,1055,1055,1055,1055,1055,1055,1055,1055,1055,1055,1055,-18,-18,-18,-18,-18,-18,-18,-18,-18,-18,-18,-18,1055,1055,1055,-14,1055,-18,1055,-10,
146,,-14,-14,1056,1056,1056,1056,1056,1056,1056,1056,1056,1056,1056,1056,1056,1056,1056,1056,1056,1056,-14,-14,-14,-14,119,120,1056,1056,1056,1056,1056,1056,1056,1056,1056,1056,1056,1056,-18,-18,-18,-18,-18,-18,-18,-18,-18,-18,-18,-18,1056,1056,1056,-14,1056,-18,1056,-10,
147,,-14,-14,1057,1057,1057,1057,1057,1057,1057,1057,1057,1057,1057,1057,1057,1057,1057,1057,1057,1057,-14,-14,-14,-14,119,120,1057,1057,1057,1057,1057,1057,1057,1057,1057,1057,1057,1057,-18,-18,-18,-18,-18,-18,-18,-18,-18,-18,-18,-18,1057,1057,1057,-14,1057,-18,1057,-10,
148,,-14,-14,1058,1058,1058,1058,1058,1058,1058,1058,1058,1058,1058,1058,1058,1058,1058,1058,1058,1058,-14,-14,-14,-14,119,120,1058,1058,1058,1058,1058,1058,1058,1058,1058,1058,1058,1058,-18,-18,-18,-18,-18,-18,-18,-18,-18,-18,-18,-18,1058,1058,1058,-14,1058,-18,1058,-10,
149,,-14,-14,1061,1061,1061,1061,1061,1061,1061,1061,1061,1061,1061,1061,1061,1061,1061,1061,1061,1061,-14,-14,-14,-14,1061,120,1061,1061,1061,1061,1061,1061,1061,1061,1061,1061,1061,1061,-18,-18,-18,-18,-18,-18,-18,-18,-18,-18,-18,-18,1061,1061,1061,-14,1061,-18,1061,-10,
150,,-14,-14,101,102,103,104,105,106,107,108,109,110,111,112,113,114,115,116,117,118,-14,-14,-14,-14,119,120,-22,121,121,121,121,121,121,121,121,121,121,121,-5,-5,-5,-5,-5,-5,-5,-5,-5,-5,-5,-5,-5,-5,-5,-14,-5,-18,-18,-10,
151,,-5,-5,-5,-5,-5,-5,-5,-5,-5,-5,-5,-5,-5,-5,-5,-5,-5,-5,-5,-5,-5,-5,-5,-5,-5,-5,-5,-5,-5,-5,-5,-5,-5,-5,-5,-5,-5,-5,-5,-5,-5,-5,-5,-5,-5,-5,-5,-5,-5,-5,-5,-5,-5,-5,152,-5,-5,-5,
152,3,94,44,-11,-11,-11,-11,-11,-11,-11,-11,-11,-11,-11,-11,-11,-11,-11,-11,-11,-11,82,83,85,86,-11,-11,-11,-11,-11,-11,-11,-11,-11,-11,-11,-11,-11,-11,-18,-18,-18,-18,-18,-18,-18,-18,-18,-18,-18,-18,-11,-11,-11,84,-11,-11,-11,-10,
153,,-14,-14,1068,1068,1068,1068,1068,1068,1068,1068,1068,1068,1068,1068,1068,1068,1068,1068,1068,1068,-14,-14,-14,-14,119,1068,1068,1068,1068,1068,1068,1068,1068,1068,1068,1068,1068,1068,-18,-18,-18,-18,-18,-18,-18,-18,-18,-18,-18,-18,1068,1068,1068,-14,1068,-18,1068,-10,
154,,155,-11,-11,-11,-11,-11,-11,-11,-11,-11,-11,-11,-11,-11,-11,-11,-11,-11,-11,-11,-11,-11,-11,-11,-11,-11,-11,-11,-11,-11,-11,-11,-11,-11,-11,-11,-11,-11,-16,-16,-16,-16,-16,-16,-16,-16,-16,-16,-16,-16,-11,-11,-11,-11,-11,-11,-11,-11,
155,,-33,-33,-33,-33,-33,-33,-33,-33,-33,-33,-33,-33,-33,-33,-33,-33,-33,-33,-33,-33,-33,-33,-33,-33,-33,-33,-33,-33,-33,-33,-33,-33,-33,-33,-33,-33,-33,-33,-33,-33,-33,-33,-33,-33,-33,-33,-33,-33,-33,-33,-33,-33,-33,156,-33,-33,-33,-33,
156,3,94,44,-11,-11,-11,-11,-11,-11,-11,-11,-11,-11,-11,-11,-11,-11,-11,-11,-11,-11,82,83,85,86,-11,-11,-11,-11,-11,-11,-11,-11,-11,-11,-11,-11,-11,-11,-18,-18,-18,-18,-18,-18,-18,-18,-18,-18,-18,-18,-11,-11,-11,84,-11,-11,-11,-10,
157,,-5,-5,-5,-5,-5,-5,-5,-5,-5,-5,-5,-5,-5,-5,-5,-5,-5,-5,-5,-5,-5,-5,-5,-5,-5,-5,-5,-5,-5,-5,-5,-5,-5,-5,-5,-5,-5,-5,-5,-5,-5,-5,-5,-5,-5,-5,-5,-5,-5,-5,-5,-5,-5,-5,158,-5,-5,-5,
158,,-18,-18,-18,-18,-18,-18,-18,-18,-18,-18,-18,-18,-18,-18,-18,-18,-18,-18,-18,-18,-18,-18,-18,-18,-18,-18,-18,-18,-18,-18,-18,-18,-18,-18,-18,-18,-18,-18,-18,-18,-18,-18,-18,-18,-18,-18,-18,-18,-18,-18,-18,159,-18,-18,-18,-18,-18,-18,
159,,1021,1021,-11,-11,-11,-11,-11,-11,-11,-11,-11,-11,-11,-11,-11,-11,-11,-11,-11,-11,1021,1021,1021,1021,-11,-11,-11,-11,-11,-11,-11,-11,-11,-11,-11,-11,-11,-11,-12,1021,1021,1021,1021,1021,1021,1021,1021,1021,1021,1021,-7,-19,-17,1021,-12,1021,1021,-10,
160,58,94,44,-11,-11,-11,-11,-11,-11,-11,-11,-11,-11,-11,-11,-11,-11,-11,-11,-11,-11,82,83,85,86,-11,-11,-11,-11,-11,-11,-11,-11,-11,-11,-11,-11,-11,-11,-12,62,98,-13,99,100,124,126,127,154,160,167,-19,-8,-11,84,-22,77,-20,-10,
161,,-35,-35,-35,-35,-35,-35,-35,-35,-35,-35,-35,-35,-35,-35,-35,-35,-35,-35,-35,-35,-35,-35,-35,-35,-35,-35,-35,-35,-35,-35,-35,-35,-35,-35,-35,-35,-35,-35,-35,-35,-35,-35,162,-35,-35,-35,-35,-35,-35,-35,-35,-35,-35,-35,-35,-35,-35,-35,
162,,-33,-33,-33,-33,-33,-33,-33,-33,-33,-33,-33,-33,-33,-33,-33,-33,-33,-33,-33,-33,-33,-33,-33,-33,-33,-33,-33,-33,-33,-33,-33,-33,-33,-33,-33,-33,-33,-33,-33,-33,-33,-33,-33,-33,-33,-33,-33,-33,-33,-33,-33,-33,-33,163,-33,-33,-33,-33,
163,3,94,44,-11,-11,-11,-11,-11,-11,-11,-11,-11,-11,-11,-11,-11,-11,-11,-11,-11,-11,82,83,85,86,-11,-11,-11,-11,-11,-11,-11,-11,-11,-11,-11,-11,-11,-11,-18,-18,-18,-18,-18,-18,-18,-18,-18,-18,-18,-18,-11,-11,-11,84,-11,-11,-11,-10,
164,,-5,-5,-5,-5,-5,-5,-5,-5,-5,-5,-5,-5,-5,-5,-5,-5,-5,-5,-5,-5,-5,-5,-5,-5,-5,-5,-5,-5,-5,-5,-5,-5,-5,-5,-5,-5,-5,-5,-5,-5,-5,-5,-5,-5,-5,-5,-5,-5,-5,-5,-5,-5,-5,-5,165,-5,-5,-5,
165,,-18,-18,-18,-18,-18,-18,-18,-18,-18,-18,-18,-18,-18,-18,-18,-18,-18,-18,-18,-18,-18,-18,-18,-18,-18,-18,-18,-18,-18,-18,-18,-18,-18,-18,-18,-18,-18,-18,-18,-18,-18,-18,-18,-18,-18,-18,-18,-18,-18,-18,-18,166,-18,-18,-18,-18,-18,-18,
166,,1022,1022,-11,-11,-11,-11,-11,-11,-11,-11,-11,-11,-11,-11,-11,-11,-11,-11,-11,-11,1022,1022,1022,1022,-11,-11,-11,-11,-11,-11,-11,-11,-11,-11,-11,-11,-11,-11,-12,1022,1022,1022,1022,1022,1022,1022,1022,1022,1022,1022,-7,-19,-17,1022,-12,1022,1022,1022,
167,,-36,-36,-36,-36,-36,-36,-36,-36,-36,-36,-36,-36,-36,-36,-36,-36,-36,-36,-36,-36,-36,-36,-36,-36,-36,-36,-36,-36,-36,-36,-36,-36,-36,-36,-36,-36,-36,-36,-36,-36,-36,-36,-36,-36,-36,-36,-36,-36,-36,-36,-36,-36,-36,-36,-36,168,-36,-36,
168,,-36,-36,-36,-36,-36,-36,-36,-36,-36,-36,-36,-36,-36,-36,-36,-36,-36,-36,-36,-36,-36,-36,-36,-36,-36,-36,-36,-36,-36,-36,-36,-36,-36,-36,-36,-36,-36,-36,-36,-36,-36,-36,-36,-36,-36,-36,-36,-36,-36,-36,-36,-36,-36,-36,-36,169,1069,-36,
169,,-37,172,-37,-37,-37,-37,-37,-37,-37,-37,-37,-37,-37,-37,-37,-37,-37,-37,-37,-37,-37,-37,-37,-37,-37,-37,-37,-37,-37,-37,-37,-37,-37,-37,-37,-37,-37,-37,-37,-37,-37,-37,-37,-37,-37,-37,-37,-37,-37,-37,-37,-37,-37,-37,-37,-37,1071,-37,
170,,-10,-10,-10,-10,-10,-10,-10,-10,-10,-10,-10,-10,-10,-10,-10,-10,-10,-10,-10,-10,-10,-10,-10,-10,-10,-10,-10,-10,-10,-10,-10,-10,-10,-10,-10,-10,-10,-10,-10,-10,-10,-10,-10,-10,-10,-10,-10,-10,-10,-10,-10,-10,-10,-10,-10,-10,171,-10,
171,,1023,1023,-11,-11,-11,-11,-11,-11,-11,-11,-11,-11,-11,-11,-11,-11,-11,-11,-11,-11,1023,1023,1023,1023,-11,-11,-11,-11,-11,-11,-11,-11,-11,-11,-11,-11,-11,-11,-12,1023,1023,1023,1023,1023,1023,1023,1023,1023,1023,1023,-7,-19,-17,1023,-12,1023,1023,1023,
172,169,-37,172,-37,-37,-37,-37,-37,-37,-37,-37,-37,-37,-37,-37,-37,-37,-37,-37,-37,-37,-37,-37,-37,-37,-37,-37,-37,-37,-37,-37,-37,-37,-37,-37,-37,-37,-37,-37,-37,-37,-37,-37,-37,-37,-37,-37,-37,-37,-37,-37,-37,-37,-37,-37,-37,-37,1071,-37,
173,,-5,-5,-5,-5,-5,-5,-5,-5,-5,-5,-5,-5,-5,-5,-5,-5,-5,-5,-5,-5,-5,-5,-5,-5,-5,-5,-5,-5,-5,-5,-5,-5,-5,-5,-5,-5,-5,-5,-5,-5,-5,-5,-5,-5,-5,-5,-5,-5,-5,-5,-5,-5,-5,-5,-5,-5,175,-5,
174,,-5,-5,-5,-5,-5,-5,-5,-5,-5,-5,-5,-5,-5,-5,-5,-5,-5,-5,-5,-5,-5,-5,-5,-5,-5,-5,-5,-5,-5,-5,-5,-5,-5,-5,-5,-5,-5,-5,-5,-5,-5,-5,-5,-5,-5,-5,-5,-5,-5,-5,-5,-5,-5,-5,-5,-5,1072,-5,
175,,-18,-18,-18,-18,-18,-18,-18,-18,-18,-18,-18,-18,-18,-18,-18,-18,-18,-18,-18,-18,-18,-18,-18,-18,-18,-18,-18,-18,-18,-18,-18,-18,-18,-18,-18,-18,-18,-18,-18,-18,-18,-18,-18,-18,-18,-18,-18,-18,-18,-18,-18,176,-18,-18,-18,-18,-18,-18,
176,168,-36,-36,-36,-36,-36,-36,-36,-36,-36,-36,-36,-36,-36,-36,-36,-36,-36,-36,-36,-36,-36,-36,-36,-36,-36,-36,-36,-36,-36,-36,-36,-36,-36,-36,-36,-36,-36,-36,-36,-36,-36,-36,-36,-36,-36,-36,-36,-36,-36,-36,-36,-36,-36,-36,-36,169,1069,-36,
177,,-36,-36,-36,-36,-36,-36,-36,-36,-36,-36,-36,-36,-36,-36,-36,-36,-36,-36,-36,-36,-36,-36,-36,-36,-36,-36,-36,-36,-36,-36,-36,-36,-36,-36,-36,-36,-36,-36,-36,-36,-36,-36,-36,-36,-36,-36,-36,-36,-36,-36,-36,-36,-36,-36,-36,-36,1070,-36,
NonTerm,,stmt,stmts,subs,subv,vdecl,insv,ini,inif,inia,exprf,expr,data,insdata,,,,,,,,,,,,,,,,,,,,,,,,,,,,,,,,,,,,,,,,,,,,,,
255,,,,,,,,,,,,,,,,,,,,,,,,,,,,,,,,,,,,,,,,,,,,,,,,,,,,,,,,,,,,
0,,,,255,,,,,,,,,,,,,,,,,,,,,,,,,,,,,,,,,,,,,,,,,,,,,,,,,,,,,,,,
1,,,,,,,,,,,,,,,,,,,,,,,,,,,,,,,,,,,,,,,,,,,,,,,,,,,,,,,,,,,,
2,,,,,,12,,,,,,,,,,,,,,,,,,,,,,,,,,,,,,,,,,,,,,,,,,,,,,,,,,,,,,
3,,,,,,,,,,,,13,,,,,,,,,,,,,,,,,,,,,,,,,,,,,,,,,,,,,,,,,,,,,,,,
4,,,,,,,,,,,,14,,,,,,,,,,,,,,,,,,,,,,,,,,,,,,,,,,,,,,,,,,,,,,,,
5,,,,,,,,,,,16,15,,,,,,,,,,,,,,,,,,,,,,,,,,,,,,,,,,,,,,,,,,,,,,,,
6,,,,,,,,,,,,,,,,,,,,,,,,,,,,,,,,,,,,,,,,,,,,,,,,,,,,,,,,,,,,
7,,7,17,,,,,,,,,87,,,,,,,,,,,,,,,,,,,,,,,,,,,,,,,,,,,,,,,,,,,,,,,,
8,,,,,,,,,,,,,,,,,,,,,,,,,,,,,,,,,,,,,,,,,,,,,,,,,,,,,,,,,,,,
9,,7,49,,,,,,,,,87,,,,,,,,,,,,,,,,,,,,,,,,,,,,,,,,,,,,,,,,,,,,,,,,
10,,,,,,,46,,,,42,15,,,,,,,,,,,,,,,,,,,,,,,,,,,,,,,,,,,,,,,,,,,,,,,,
11,,,,,,,,,,,,,,,,,,,,,,,,,,,,,,,,,,,,,,,,,,,,,,,,,,,,,,,,,,,,
12,,,,,,,,,,,,,,,,,,,,,,,,,,,,,,,,,,,,,,,,,,,,,,,,,,,,,,,,,,,,
13,,,,,,,,,,,,,,,,,,,,,,,,,,,,,,,,,,,,,,,,,,,,,,,,,,,,,,,,,,,,
14,,,,,,,,,,,,,,,,,,,,,,,,,,,,,,,,,,,,,,,,,,,,,,,,,,,,,,,,,,,,
15,,,,,,,,,,,,,,,,,,,,,,,,,,,,,,,,,,,,,,,,,,,,,,,,,,,,,,,,,,,,
16,,,,,,,,,,,,,,,,,,,,,,,,,,,,,,,,,,,,,,,,,,,,,,,,,,,,,,,,,,,,
17,,,,,,,,,,,,,,,,,,,,,,,,,,,,,,,,,,,,,,,,,,,,,,,,,,,,,,,,,,,,
18,,,,,,,,,,,,,,,,,,,,,,,,,,,,,,,,,,,,,,,,,,,,,,,,,,,,,,,,,,,,
19,,,,,,,,,,,,,,,,,,,,,,,,,,,,,,,,,,,,,,,,,,,,,,,,,,,,,,,,,,,,
20,,,,,,,,,,26,,22,,,,,,,,,,,,,,,,,,,,,,,,,,,,,,,,,,,,,,,,,,,,,,,,
21,,,,,,,,,,,,,,,,,,,,,,,,,,,,,,,,,,,,,,,,,,,,,,,,,,,,,,,,,,,,
22,,,,,,,,,,25,,,,,,,,,,,,,,,,,,,,,,,,,,,,,,,,,,,,,,,,,,,,,,,,,,
23,,,,,,,,,,,,22,,,,,,,,,,,,,,,,,,,,,,,,,,,,,,,,,,,,,,,,,,,,,,,,
25,,,,,,,,,,,,,,,,,,,,,,,,,,,,,,,,,,,,,,,,,,,,,,,,,,,,,,,,,,,,
26,,,,,,,,,,,,,,,,,,,,,,,,,,,,,,,,,,,,,,,,,,,,,,,,,,,,,,,,,,,,
27,,,,,,,,,,,,,,,,,,,,,,,,,,,,,,,,,,,,,,,,,,,,,,,,,,,,,,,,,,,,
28,,,,,,,,29,,,,19,,,,,,,,,,,,,,,,,,,,,,,,,,,,,,,,,,,,,,,,,,,,,,,,
29,,,,,,,,,,,,,,,,,,,,,,,,,,,,,,,,,,,,,,,,,,,,,,,,,,,,,,,,,,,,
30,,,,,,,,31,,,,19,,,,,,,,,,,,,,,,,,,,,,,,,,,,,,,,,,,,,,,,,,,,,,,,
31,,,,,,,,,,,,,,,,,,,,,,,,,,,,,,,,,,,,,,,,,,,,,,,,,,,,,,,,,,,,
32,,,,,,,,33,,,,19,,,,,,,,,,,,,,,,,,,,,,,,,,,,,,,,,,,,,,,,,,,,,,,,
33,,,,,,,,,,,,,,,,,,,,,,,,,,,,,,,,,,,,,,,,,,,,,,,,,,,,,,,,,,,,
34,,,,,,,,,,,,,,,,,,,,,,,,,,,,,,,,,,,,,,,,,,,,,,,,,,,,,,,,,,,,
35,,,,,,,,,,,,,,,,,,,,,,,,,,,,,,,,,,,,,,,,,,,,,,,,,,,,,,,,,,,,
36,,,,,,,,,,,,37,,,,,,,,,,,,,,,,,,,,,,,,,,,,,,,,,,,,,,,,,,,,,,,,
37,,,,,,,,,,,,,,,,,,,,,,,,,,,,,,,,,,,,,,,,,,,,,,,,,,,,,,,,,,,,
38,,,,,,,,,,,,39,,,,,,,,,,,,,,,,,,,,,,,,,,,,,,,,,,,,,,,,,,,,,,,,
39,,,,,,,,,,,,,,,,,,,,,,,,,,,,,,,,,,,,,,,,,,,,,,,,,,,,,,,,,,,,
40,,,,,,,,,,,,41,,,,,,,,,,,,,,,,,,,,,,,,,,,,,,,,,,,,,,,,,,,,,,,,
41,,,,,,,,,,,,,,,,,,,,,,,,,,,,,,,,,,,,,,,,,,,,,,,,,,,,,,,,,,,,
42,,,,,,,,,,,,,,,,,,,,,,,,,,,,,,,,,,,,,,,,,,,,,,,,,,,,,,,,,,,,
43,,,,,,,45,,,,42,15,,,,,,,,,,,,,,,,,,,,,,,,,,,,,,,,,,,,,,,,,,,,,,,,
44,,,,,,,,,,,,,,,,,,,,,,,,,,,,,,,,,,,,,,,,,,,,,,,,,,,,,,,,,,,,
45,,,,,,,,,,,,,,,,,,,,,,,,,,,,,,,,,,,,,,,,,,,,,,,,,,,,,,,,,,,,
46,,,,,,,,,,,,,,,,,,,,,,,,,,,,,,,,,,,,,,,,,,,,,,,,,,,,,,,,,,,,
47,,,,,,,,,,,,,,,,,,,,,,,,,,,,,,,,,,,,,,,,,,,,,,,,,,,,,,,,,,,,
48,,,,,,,,,,,,,,,,,,,,,,,,,,,,,,,,,,,,,,,,,,,,,,,,,,,,,,,,,,,,
49,,,,,,,,,,,,,,,,,,,,,,,,,,,,,,,,,,,,,,,,,,,,,,,,,,,,,,,,,,,,
50,,,,51,,,,,,,,,,,,,,,,,,,,,,,,,,,,,,,,,,,,,,,,,,,,,,,,,,,,,,,,
51,,,,,,,,,,,,,,,,,,,,,,,,,,,,,,,,,,,,,,,,,,,,,,,,,,,,,,,,,,,,
53,,,,,,,,21,80,,,19,,,,,,,,,,,,,,,,,,,,,,,,,,,,,,,,,,,,,,,,,,,,,,,,
54,,,,,,55,,,,,,,,,,,,,,,,,,,,,,,,,,,,,,,,,,,,,,,,,,,,,,,,,,,,,,
55,,,,,,,,,,,,,,,,,,,,,,,,,,,,,,,,,,,,,,,,,,,,,,,,,,,,,,,,,,,,
56,,,,,,,,,,,,,,,,,,,,,,,,,,,,,,,,,,,,,,,,,,,,,,,,,,,,,,,,,,,,
57,,,,,,,,,,,,,,,,,,,,,,,,,,,,,,,,,,,,,,,,,,,,,,,,,,,,,,,,,,,,
58,,60,,,,,,,,,,87,,,,,,,,,,,,,,,,,,,,,,,,,,,,,,,,,,,,,,,,,,,,,,,,
59,,,,,,48,,,,,,,,,,,,,,,,,,,,,,,,,,,,,,,,,,,,,,,,,,,,,,,,,,,,,,
60,,,,,,,,,,,,,,,,,,,,,,,,,,,,,,,,,,,,,,,,,,,,,,,,,,,,,,,,,,,,
61,,,,,69,,,,,,,,,,,,,,,,,,,,,,,,,,,,,,,,,,,,,,,,,,,,,,,,,,,,,,,
62,,,,,,,,,,,,,,,,,,,,,,,,,,,,,,,,,,,,,,,,,,,,,,,,,,,,,,,,,,,,
63,,,,,,,,,,,,,,,,,,,,,,,,,,,,,,,,,,,,,,,,,,,,,,,,,,,,,,,,,,,,
64,,,,,68,,,,,,,,,,,,,,,,,,,,,,,,,,,,,,,,,,,,,,,,,,,,,,,,,,,,,,,
68,,,,,,,,,,,,,,,,,,,,,,,,,,,,,,,,,,,,,,,,,,,,,,,,,,,,,,,,,,,,
69,,,,,,,,,,,,,,,,,,,,,,,,,,,,,,,,,,,,,,,,,,,,,,,,,,,,,,,,,,,,
70,,71,,,,,,,,,,87,,,,,,,,,,,,,,,,,,,,,,,,,,,,,,,,,,,,,,,,,,,,,,,,
71,,,,,,,,,,,,,,,,,,,,,,,,,,,,,,,,,,,,,,,,,,,,,,,,,,,,,,,,,,,,
73,,74,,,,,,,,,,,,,,,,,,,,,,,,,,,,,,,,,,,,,,,,,,,,,,,,,,,,,,,,,,
74,,,,,,,,,,,,,,,,,,,,,,,,,,,,,,,,,,,,,,,,,,,,,,,,,,,,,,,,,,,,
75,,76,,,,,,,,,,,,,,,,,,,,,,,,,,,,,,,,,,,,,,,,,,,,,,,,,,,,,,,,,,
76,,,,,,,,,,,,,,,,,,,,,,,,,,,,,,,,,,,,,,,,,,,,,,,,,,,,,,,,,,,,
77,,7,78,,,,,,,,,87,,,,,,,,,,,,,,,,,,,,,,,,,,,,,,,,,,,,,,,,,,,,,,,,
78,,,,,,,,,,,,,,,,,,,,,,,,,,,,,,,,,,,,,,,,,,,,,,,,,,,,,,,,,,,,
80,,,,,,,,,,,,,,,,,,,,,,,,,,,,,,,,,,,,,,,,,,,,,,,,,,,,,,,,,,,,
81,,,,,,,,,,,,,,,,,,,,,,,,,,,,,,,,,,,,,,,,,,,,,,,,,,,,,,,,,,,,
82,,,,,,,,,,,,88,,,,,,,,,,,,,,,,,,,,,,,,,,,,,,,,,,,,,,,,,,,,,,,,
83,,,,,,,,,,,,89,,,,,,,,,,,,,,,,,,,,,,,,,,,,,,,,,,,,,,,,,,,,,,,,
84,,,,,,,,,,,,92,,,,,,,,,,,,,,,,,,,,,,,,,,,,,,,,,,,,,,,,,,,,,,,,
85,,,,,,,,,,,,90,,,,,,,,,,,,,,,,,,,,,,,,,,,,,,,,,,,,,,,,,,,,,,,,
86,,,,,,,,,,,,91,,,,,,,,,,,,,,,,,,,,,,,,,,,,,,,,,,,,,,,,,,,,,,,,
87,,,,,,,,,,,,,,,,,,,,,,,,,,,,,,,,,,,,,,,,,,,,,,,,,,,,,,,,,,,,
88,,,,,,,,,,,,,,,,,,,,,,,,,,,,,,,,,,,,,,,,,,,,,,,,,,,,,,,,,,,,
89,,,,,,,,,,,,,,,,,,,,,,,,,,,,,,,,,,,,,,,,,,,,,,,,,,,,,,,,,,,,
90,,,,,,,,,,,,,,,,,,,,,,,,,,,,,,,,,,,,,,,,,,,,,,,,,,,,,,,,,,,,
91,,,,,,,,,,,,,,,,,,,,,,,,,,,,,,,,,,,,,,,,,,,,,,,,,,,,,,,,,,,,
92,,,,,,,,,,,,,,,,,,,,,,,,,,,,,,,,,,,,,,,,,,,,,,,,,,,,,,,,,,,,
93,,,,,,,,,,,,,,,,,,,,,,,,,,,,,,,,,,,,,,,,,,,,,,,,,,,,,,,,,,,,
94,,,,,,,,,,,,,,,,,,,,,,,,,,,,,,,,,,,,,,,,,,,,,,,,,,,,,,,,,,,,
95,,,,,,,,,,,,,,,,,,,,,,,,,,,,,,,,,,,,,,,,,,,,,,,,,,,,,,,,,,,,
96,,,,,,,,,,,,,,,,,,,,,,,,,,,,,,,,,,,,,,,,,,,,,,,,,,,,,,,,,,,,
97,,,,,,,,,,,,,,,,,,,,,,,,,,,,,,,,,,,,,,,,,,,,,,,,,,,,,,,,,,,,
98,,,,,,,,,,,,,,,,,,,,,,,,,,,,,,,,,,,,,,,,,,,,,,,,,,,,,,,,,,,,
99,,,,,,,,,,,,,,,,,,,,,,,,,,,,,,,,,,,,,,,,,,,,,,,,,,,,,,,,,,,,
100,,,,,,,,,,,,,,,,,,,,,,,,,,,,,,,,,,,,,,,,,,,,,,,,,,,,,,,,,,,,
101,,,,,,,,,,,,131,,,,,,,,,,,,,,,,,,,,,,,,,,,,,,,,,,,,,,,,,,,,,,,,
102,,,,,,,,,,,,132,,,,,,,,,,,,,,,,,,,,,,,,,,,,,,,,,,,,,,,,,,,,,,,,
103,,,,,,,,,,,,133,,,,,,,,,,,,,,,,,,,,,,,,,,,,,,,,,,,,,,,,,,,,,,,,
104,,,,,,,,,,,,134,,,,,,,,,,,,,,,,,,,,,,,,,,,,,,,,,,,,,,,,,,,,,,,,
105,,,,,,,,,,,,135,,,,,,,,,,,,,,,,,,,,,,,,,,,,,,,,,,,,,,,,,,,,,,,,
106,,,,,,,,,,,,136,,,,,,,,,,,,,,,,,,,,,,,,,,,,,,,,,,,,,,,,,,,,,,,,
107,,,,,,,,,,,,137,,,,,,,,,,,,,,,,,,,,,,,,,,,,,,,,,,,,,,,,,,,,,,,,
108,,,,,,,,,,,,138,,,,,,,,,,,,,,,,,,,,,,,,,,,,,,,,,,,,,,,,,,,,,,,,
109,,,,,,,,,,,,139,,,,,,,,,,,,,,,,,,,,,,,,,,,,,,,,,,,,,,,,,,,,,,,,
110,,,,,,,,,,,,140,,,,,,,,,,,,,,,,,,,,,,,,,,,,,,,,,,,,,,,,,,,,,,,,
111,,,,,,,,,,,,141,,,,,,,,,,,,,,,,,,,,,,,,,,,,,,,,,,,,,,,,,,,,,,,,
112,,,,,,,,,,,,142,,,,,,,,,,,,,,,,,,,,,,,,,,,,,,,,,,,,,,,,,,,,,,,,
113,,,,,,,,,,,,143,,,,,,,,,,,,,,,,,,,,,,,,,,,,,,,,,,,,,,,,,,,,,,,,
114,,,,,,,,,,,,144,,,,,,,,,,,,,,,,,,,,,,,,,,,,,,,,,,,,,,,,,,,,,,,,
115,,,,,,,,,,,,145,,,,,,,,,,,,,,,,,,,,,,,,,,,,,,,,,,,,,,,,,,,,,,,,
116,,,,,,,,,,,,146,,,,,,,,,,,,,,,,,,,,,,,,,,,,,,,,,,,,,,,,,,,,,,,,
117,,,,,,,,,,,,147,,,,,,,,,,,,,,,,,,,,,,,,,,,,,,,,,,,,,,,,,,,,,,,,
118,,,,,,,,,,,,148,,,,,,,,,,,,,,,,,,,,,,,,,,,,,,,,,,,,,,,,,,,,,,,,
119,,,,,,,,,,,,149,,,,,,,,,,,,,,,,,,,,,,,,,,,,,,,,,,,,,,,,,,,,,,,,
120,,,,,,,,,,,,150,,,,,,,,,,,,,,,,,,,,,,,,,,,,,,,,,,,,,,,,,,,,,,,,
121,,,,,,,,,,,122,15,,,,,,,,,,,,,,,,,,,,,,,,,,,,,,,,,,,,,,,,,,,,,,,,
122,,,,,,,,,,,,,,,,,,,,,,,,,,,,,,,,,,,,,,,,,,,,,,,,,,,,,,,,,,,,
123,,,,,,,,,,,,,,,,,,,,,,,,,,,,,,,,,,,,,,,,,,,,,,,,,,,,,,,,,,,,
124,,,,,,,,,,,,,,,,,,,,,,,,,,,,,,,,,,,,,,,,,,,,,,,,,,,,,,,,,,,,
125,,,,,,,,,,,,,,,,,,,,,,,,,,,,,,,,,,,,,,,,,,,,,,,,,,,,,,,,,,,,
126,,,,,,,,,,,,,,,,,,,,,,,,,,,,,,,,,,,,,,,,,,,,,,,,,,,,,,,,,,,,
127,,,,,,,,,,,,,,,,,,,,,,,,,,,,,,,,,,,,,,,,,,,,,,,,,,,,,,,,,,,,
131,,,,,,,,,,,,,,,,,,,,,,,,,,,,,,,,,,,,,,,,,,,,,,,,,,,,,,,,,,,,
132,,,,,,,,,,,,,,,,,,,,,,,,,,,,,,,,,,,,,,,,,,,,,,,,,,,,,,,,,,,,
133,,,,,,,,,,,,,,,,,,,,,,,,,,,,,,,,,,,,,,,,,,,,,,,,,,,,,,,,,,,,
134,,,,,,,,,,,,,,,,,,,,,,,,,,,,,,,,,,,,,,,,,,,,,,,,,,,,,,,,,,,,
135,,,,,,,,,,,,,,,,,,,,,,,,,,,,,,,,,,,,,,,,,,,,,,,,,,,,,,,,,,,,
136,,,,,,,,,,,,,,,,,,,,,,,,,,,,,,,,,,,,,,,,,,,,,,,,,,,,,,,,,,,,
137,,,,,,,,,,,,,,,,,,,,,,,,,,,,,,,,,,,,,,,,,,,,,,,,,,,,,,,,,,,,
138,,,,,,,,,,,,,,,,,,,,,,,,,,,,,,,,,,,,,,,,,,,,,,,,,,,,,,,,,,,,
139,,,,,,,,,,,,,,,,,,,,,,,,,,,,,,,,,,,,,,,,,,,,,,,,,,,,,,,,,,,,
140,,,,,,,,,,,,,,,,,,,,,,,,,,,,,,,,,,,,,,,,,,,,,,,,,,,,,,,,,,,,
141,,,,,,,,,,,,,,,,,,,,,,,,,,,,,,,,,,,,,,,,,,,,,,,,,,,,,,,,,,,,
142,,,,,,,,,,,,,,,,,,,,,,,,,,,,,,,,,,,,,,,,,,,,,,,,,,,,,,,,,,,,
143,,,,,,,,,,,,,,,,,,,,,,,,,,,,,,,,,,,,,,,,,,,,,,,,,,,,,,,,,,,,
144,,,,,,,,,,,,,,,,,,,,,,,,,,,,,,,,,,,,,,,,,,,,,,,,,,,,,,,,,,,,
145,,,,,,,,,,,,,,,,,,,,,,,,,,,,,,,,,,,,,,,,,,,,,,,,,,,,,,,,,,,,
146,,,,,,,,,,,,,,,,,,,,,,,,,,,,,,,,,,,,,,,,,,,,,,,,,,,,,,,,,,,,
147,,,,,,,,,,,,,,,,,,,,,,,,,,,,,,,,,,,,,,,,,,,,,,,,,,,,,,,,,,,,
148,,,,,,,,,,,,,,,,,,,,,,,,,,,,,,,,,,,,,,,,,,,,,,,,,,,,,,,,,,,,
149,,,,,,,,,,,,,,,,,,,,,,,,,,,,,,,,,,,,,,,,,,,,,,,,,,,,,,,,,,,,
150,,,,,,,,,,,,,,,,,,,,,,,,,,,,,,,,,,,,,,,,,,,,,,,,,,,,,,,,,,,,
152,,,,,,,,,,,,153,,,,,,,,,,,,,,,,,,,,,,,,,,,,,,,,,,,,,,,,,,,,,,,,
153,,,,,,,,,,,,,,,,,,,,,,,,,,,,,,,,,,,,,,,,,,,,,,,,,,,,,,,,,,,,
154,,,,,,,,,,,,,,,,,,,,,,,,,,,,,,,,,,,,,,,,,,,,,,,,,,,,,,,,,,,,
155,,,,,,,,,,,,,,,,,,,,,,,,,,,,,,,,,,,,,,,,,,,,,,,,,,,,,,,,,,,,
156,,,,,,,157,,,,42,15,,,,,,,,,,,,,,,,,,,,,,,,,,,,,,,,,,,,,,,,,,,,,,,,
157,,,,,,,,,,,,,,,,,,,,,,,,,,,,,,,,,,,,,,,,,,,,,,,,,,,,,,,,,,,,
158,,,,,,,,,,,,,,,,,,,,,,,,,,,,,,,,,,,,,,,,,,,,,,,,,,,,,,,,,,,,
159,,,,,,,,,,,,,,,,,,,,,,,,,,,,,,,,,,,,,,,,,,,,,,,,,,,,,,,,,,,,
160,,161,,,,,,,,,,87,,,,,,,,,,,,,,,,,,,,,,,,,,,,,,,,,,,,,,,,,,,,,,,,
161,,,,,,,,,,,,,,,,,,,,,,,,,,,,,,,,,,,,,,,,,,,,,,,,,,,,,,,,,,,,
162,,,,,,,,,,,,,,,,,,,,,,,,,,,,,,,,,,,,,,,,,,,,,,,,,,,,,,,,,,,,
163,,,,,,,,,,,,164,,,,,,,,,,,,,,,,,,,,,,,,,,,,,,,,,,,,,,,,,,,,,,,,
164,,,,,,,,,,,,,,,,,,,,,,,,,,,,,,,,,,,,,,,,,,,,,,,,,,,,,,,,,,,,
165,,,,,,,,,,,,,,,,,,,,,,,,,,,,,,,,,,,,,,,,,,,,,,,,,,,,,,,,,,,,
166,,,,,,,,,,,,,,,,,,,,,,,,,,,,,,,,,,,,,,,,,,,,,,,,,,,,,,,,,,,,
167,,,,,,,,,,,,,,,,,,,,,,,,,,,,,,,,,,,,,,,,,,,,,,,,,,,,,,,,,,,,
168,,,,,,,,,,,,,170,,,,,,,,,,,,,,,,,,,,,,,,,,,,,,,,,,,,,,,,,,,,,,,
169,,,,,,,,,,,,,,173,,,,,,,,,,,,,,,,,,,,,,,,,,,,,,,,,,,,,,,,,,,,,,
170,,,,,,,,,,,,,,,,,,,,,,,,,,,,,,,,,,,,,,,,,,,,,,,,,,,,,,,,,,,,
171,,,,,,,,,,,,,,,,,,,,,,,,,,,,,,,,,,,,,,,,,,,,,,,,,,,,,,,,,,,,
172,,,,,,,,,,,,,,174,,,,,,,,,,,,,,,,,,,,,,,,,,,,,,,,,,,,,,,,,,,,,,
173,,,,,,,,,,,,,,,,,,,,,,,,,,,,,,,,,,,,,,,,,,,,,,,,,,,,,,,,,,,,
174,,,,,,,,,,,,,,,,,,,,,,,,,,,,,,,,,,,,,,,,,,,,,,,,,,,,,,,,,,,,
175,,,,,,,,,,,,,,,,,,,,,,,,,,,,,,,,,,,,,,,,,,,,,,,,,,,,,,,,,,,,
176,,,,,,,,,,,,,177,,,,,,,,,,,,,,,,,,,,,,,,,,,,,,,,,,,,,,,,,,,,,,,
177,,,,,,,,,,,,,,,,,,,,,,,,,,,,,,,,,,,,,,,,,,,,,,,,,,,,,,,,,,,,
